{
    "expectedFederates": [
        {
            "count": 1,
            "federateType": "Sink"
        },
        {
            "count": 1,
            "federateType": "Source"
        },
        {
            "count": 1,
            "federateType": "PingCounter"
        }
    ],
    "federateTypesAllowed": [
        "Sink",
        "Source",
        "PingCounter"
    ],
    "lateJoinerFederates": [
        {
            "count": 0,
            "federateType": "Sink"
        },
        {
            "count": 0,
            "federateType": "Source"
        },
        {
            "count": 0,
            "federateType": "PingCounter"
        }
    ]
}